{
  "parent": "block/cube_all",
  "texture_size": [64, 64],
  "textures": {
    "0": "block/oak_planks",
    "1": "boson:block/glass_jar",
    "particle": "boson:block/glass_jar"
  },
  "elements": [
    {
      "from": [3, 1, 12],
      "to": [13, 12, 13],
      "rotation": {"angle": 0, "axis": "y", "origin": [12, 9, 20]},
      "faces": {
        "north": {"uv": [0.25, 9.75, 2.75, 12.5], "texture": "#1"},
        "east": {"uv": [0, 9.75, 0.25, 12.5], "texture": "#1"},
        "south": {"uv": [3, 9.75, 5.5, 12.5], "texture": "#1"},
        "west": {"uv": [2.75, 9.75, 3, 12.5], "texture": "#1"},
        "up": {"uv": [2.75, 9.75, 0.25, 9.5], "texture": "#1"},
        "down": {"uv": [5.25, 9.5, 2.75, 9.75], "texture": "#1"}
      }
    },
    {
      "from": [3, 1, 4],
      "to": [4, 12, 12],
      "rotation": {"angle": 0, "axis": "y", "origin": [11, 9, 11]},
      "faces": {
        "north": {"uv": [2, 6.75, 2.25, 9.5], "texture": "#1"},
        "east": {"uv": [0, 6.75, 2, 9.5], "texture": "#1"},
        "south": {"uv": [4.25, 6.75, 4.5, 9.5], "texture": "#1"},
        "west": {"uv": [2.25, 6.75, 4.25, 9.5], "texture": "#1"},
        "up": {"uv": [2.25, 6.75, 2, 4.75], "texture": "#1"},
        "down": {"uv": [2.5, 4.75, 2.25, 6.75], "texture": "#1"}
      }
    },
    {
      "from": [12, 1, 4],
      "to": [13, 12, 12],
      "rotation": {"angle": 0, "axis": "y", "origin": [20, 9, 11]},
      "faces": {
        "north": {"uv": [12, 2, 12.25, 4.75], "texture": "#1"},
        "east": {"uv": [10, 2, 12, 4.75], "texture": "#1"},
        "south": {"uv": [14.25, 2, 14.5, 4.75], "texture": "#1"},
        "west": {"uv": [12.25, 2, 14.25, 4.75], "texture": "#1"},
        "up": {"uv": [12.25, 2, 12, 0], "texture": "#1"},
        "down": {"uv": [12.5, 0, 12.25, 2], "texture": "#1"}
      }
    },
    {
      "from": [3, 1, 3],
      "to": [13, 12, 4],
      "rotation": {"angle": 0, "axis": "y", "origin": [12, 9, 11]},
      "faces": {
        "north": {"uv": [4.75, 5, 7.25, 7.75], "texture": "#1"},
        "east": {"uv": [4.5, 5, 4.75, 7.75], "texture": "#1"},
        "south": {"uv": [7.5, 5, 10, 7.75], "texture": "#1"},
        "west": {"uv": [7.25, 5, 7.5, 7.75], "texture": "#1"},
        "up": {"uv": [7.25, 5, 4.75, 4.75], "texture": "#1"},
        "down": {"uv": [9.75, 4.75, 7.25, 5], "texture": "#1"}
      }
    },
    {
      "from": [3, 0, 3],
      "to": [13, 1, 13],
      "rotation": {"angle": 0, "axis": "y", "origin": [12, 8, 13]},
      "faces": {
        "north": {"uv": [2.5, 2.5, 5, 2.75], "texture": "#1"},
        "east": {"uv": [0, 2.5, 2.5, 2.75], "texture": "#1"},
        "south": {"uv": [7.5, 2.5, 10, 2.75], "texture": "#1"},
        "west": {"uv": [5, 2.5, 7.5, 2.75], "texture": "#1"},
        "up": {"uv": [5, 2.5, 2.5, 0], "texture": "#1"},
        "down": {"uv": [7.5, 0, 5, 2.5], "texture": "#1"}
      }
    },
    {
      "from": [4, 12, 4],
      "to": [12, 13, 12],
      "rotation": {"angle": 0, "axis": "y", "origin": [11, 20, 11]},
      "faces": {
        "north": {"uv": [12, 2, 14, 2.25], "texture": "#0"},
        "east": {"uv": [10, 2, 12, 2.25], "texture": "#0"},
        "south": {"uv": [10, 2, 12, 2.25], "texture": "#0"},
        "west": {"uv": [14, 2, 16, 2.25], "texture": "#0"},
        "up": {"uv": [14, 2, 12, 0], "texture": "#0"},
        "down": {"uv": [16, 0, 14, 2], "texture": "#0"}
      }
    },
    {
      "from": [3, 13, 3],
      "to": [13, 15, 13],
      "rotation": {"angle": 0, "axis": "y", "origin": [11, 21, 11]},
      "faces": {
        "north": {"uv": [2.5, 2.5, 5, 3], "texture": "#0"},
        "east": {"uv": [0, 2.5, 2.5, 3], "texture": "#0"},
        "south": {"uv": [7.5, 2.5, 10, 3], "texture": "#0"},
        "west": {"uv": [5, 2.5, 7.5, 3], "texture": "#0"},
        "up": {"uv": [5, 2.5, 2.5, 0], "texture": "#0"},
        "down": {"uv": [7.5, 0, 5, 2.5], "texture": "#0"}
      }
    }
  ],
  "display": {}
}