{
	"credit": "Made with Blockbench",
	"parent": "block/cube_all",
	"texture_size": [64, 64],
	"textures": {
		"0": "neutrino:block/obsidian_particle",
		"particle": "neutrino:block/obsidian_particle"
	},
	"elements": [
		{
			"from": [0, 0, 0],
			"to": [16, 4, 16],
			"faces": {
				"north": {"uv": [4, 4, 8, 5], "texture": "#0"},
				"east": {"uv": [0, 4, 4, 5], "texture": "#0"},
				"south": {"uv": [12, 4, 16, 5], "texture": "#0"},
				"west": {"uv": [8, 4, 12, 5], "texture": "#0"},
				"up": {"uv": [8, 4, 4, 0], "texture": "#0"},
				"down": {"uv": [12, 0, 8, 4], "texture": "#0"}
			}
		},
		{
			"from": [7, 4, 7],
			"to": [9, 16, 9],
			"rotation": {"angle": 0, "axis": "y", "origin": [15, 12, 15]},
			"faces": {
				"north": {"uv": [0.5, 5.5, 1, 8.5], "texture": "#0"},
				"east": {"uv": [0, 5.5, 0.5, 8.5], "texture": "#0"},
				"south": {"uv": [1.5, 5.5, 2, 8.5], "texture": "#0"},
				"west": {"uv": [1, 5.5, 1.5, 8.5], "texture": "#0"},
				"up": {"uv": [1, 5.5, 0.5, 5], "texture": "#0"},
				"down": {"uv": [1.5, 5, 1, 5.5], "texture": "#0"}
			}
		}
	]
}