{
	"parent": "block/cube_all",
	"texture_size": [64, 64],
	"textures": {
		"0": "boson:block/obsidian_frame",
		"particle": "boson:block/obsidian_frame"
	},
	"elements": [
		{
			"from": [0, 0, 0],
			"to": [16, 1, 16],
			"faces": {
				"north": {"uv": [4, 8.25, 8, 8.5], "texture": "#0"},
				"east": {"uv": [0, 8.25, 4, 8.5], "texture": "#0"},
				"south": {"uv": [12, 8.25, 16, 8.5], "texture": "#0"},
				"west": {"uv": [8, 8.25, 12, 8.5], "texture": "#0"},
				"up": {"uv": [8, 8.25, 4, 4.25], "texture": "#0"},
				"down": {"uv": [12, 4.25, 8, 8.25], "texture": "#0"}
			}
		},
		{
			"from": [0, 15, 0],
			"to": [16, 16, 16],
			"faces": {
				"north": {"uv": [4, 4, 8, 4.25], "texture": "#0"},
				"east": {"uv": [0, 4, 4, 4.25], "texture": "#0"},
				"south": {"uv": [12, 4, 16, 4.25], "texture": "#0"},
				"west": {"uv": [8, 4, 12, 4.25], "texture": "#0"},
				"up": {"uv": [8, 4, 4, 0], "texture": "#0"},
				"down": {"uv": [12, 0, 8, 4], "texture": "#0"}
			}
		},
		{
			"from": [0, 1, 0],
			"to": [1, 15, 1],
			"faces": {
				"north": {"uv": [2.25, 0.25, 2.5, 3.75], "texture": "#0"},
				"east": {"uv": [2, 0.25, 2.25, 3.75], "texture": "#0"},
				"south": {"uv": [2.75, 0.25, 3, 3.75], "texture": "#0"},
				"west": {"uv": [2.5, 0.25, 2.75, 3.75], "texture": "#0"},
				"up": {"uv": [2.5, 0.25, 2.25, 0], "texture": "#0"},
				"down": {"uv": [2.75, 0, 2.5, 0.25], "texture": "#0"}
			}
		},
		{
			"from": [15, 1, 0],
			"to": [16, 15, 1],
			"faces": {
				"north": {"uv": [1.25, 0.25, 1.5, 3.75], "texture": "#0"},
				"east": {"uv": [1, 0.25, 1.25, 3.75], "texture": "#0"},
				"south": {"uv": [1.75, 0.25, 2, 3.75], "texture": "#0"},
				"west": {"uv": [1.5, 0.25, 1.75, 3.75], "texture": "#0"},
				"up": {"uv": [1.5, 0.25, 1.25, 0], "texture": "#0"},
				"down": {"uv": [1.75, 0, 1.5, 0.25], "texture": "#0"}
			}
		},
		{
			"from": [0, 1, 15],
			"to": [1, 15, 16],
			"faces": {
				"north": {"uv": [0.25, 0.25, 0.5, 3.75], "texture": "#0"},
				"east": {"uv": [0, 0.25, 0.25, 3.75], "texture": "#0"},
				"south": {"uv": [0.75, 0.25, 1, 3.75], "texture": "#0"},
				"west": {"uv": [0.5, 0.25, 0.75, 3.75], "texture": "#0"},
				"up": {"uv": [0.5, 0.25, 0.25, 0], "texture": "#0"},
				"down": {"uv": [0.75, 0, 0.5, 0.25], "texture": "#0"}
			}
		},
		{
			"from": [15, 1, 15],
			"to": [16, 15, 16],
			"faces": {
				"north": {"uv": [3.25, 0.25, 3.5, 3.75], "texture": "#0"},
				"east": {"uv": [3, 0.25, 3.25, 3.75], "texture": "#0"},
				"south": {"uv": [3.75, 0.25, 4, 3.75], "texture": "#0"},
				"west": {"uv": [3.5, 0.25, 3.75, 3.75], "texture": "#0"},
				"up": {"uv": [3.5, 0.25, 3.25, 0], "texture": "#0"},
				"down": {"uv": [3.75, 0, 3.5, 0.25], "texture": "#0"}
			}
		}
	]
}